,first_name,last_name,city,address,postal_code,country
0,VERA,MCCOY,Kabul,1168 Najafabad Parkway,40301,Afghanistan
1,MARIO,CHEATHAM,Batna,1924 Shimonoseki Drive,52625,Algeria
2,JUDY,GRAY,Bchar,1031 Daugavpils Parkway,59025,Algeria
3,JUNE,CARROLL,Skikda,757 Rustenburg Avenue,89668,Algeria
4,ANTHONY,SCHWAB,Tafuna,1892 Nabereznyje Telny Lane,28396,American Samoa
5,CLAUDE,HERZOG,Benguela,486 Ondo Parkway,35202,Angola
6,MARTIN,BALES,Namibe,368 Hunuco Boulevard,17165,Angola
7,BOBBY,BOUDREAU,South Hill,1368 Maracabo Boulevard,32716,Anguilla
8,WILLIE,MARKHAM,Almirante Brown,1623 Kingstown Drive,91299,Argentina
9,JORDAN,ARCHULETA,Avellaneda,1229 Varanasi (Benares) Manor,40195,Argentina
10,JASON,MORRISSEY,Baha Blanca,1427 A Corua (La Corua) Place,85799,Argentina
11,KIMBERLY,LEE,Crdoba,96 Tafuna Way,99865,Argentina
12,MICHEAL,FORMAN,Escobar,203 Tambaram Street,73942,Argentina
13,DARRYL,ASHCRAFT,Ezeiza,166 Jinchang Street,86760,Argentina
14,JULIA,FLORES,La Plata,1926 El Alto Avenue,75543,Argentina
15,FLORENCE,WOODS,Merlo,1532 Dzerzinsk Way,9599,Argentina
16,PERRY,SWAFFORD,Quilmes,773 Dallas Manor,12664,Argentina
17,LYDIA,BURKE,San Miguel de Tucumn,1483 Pathankot Street,37288,Argentina
18,ERIC,ROBERT,Santa F,430 Kumbakonam Drive,28814,Argentina
19,LEONARD,SCHOFIELD,Tandil,88 Nagaon Manor,86868,Argentina
20,WILLIE,HOWELL,Vicente Lpez,1244 Allappuzha (Alleppey) Place,20657,Argentina
21,STEPHANIE,MITCHELL,Yerevan,42 Brindisi Place,16744,Armenia
22,AUDREY,RAY,Graz,1010 Klerksdorp Way,6802,Austria
23,JILL,HAWKINS,Linz,1440 Compton Place,81037,Austria
24,NORA,HERRERA,Salzburg,1587 Loja Manor,5410,Austria
25,ANDREW,PURDY,Baku,431 Szkesfehrvr Avenue,57828,Azerbaijan
26,RAYMOND,MCWHORTER,Sumqayit,503 Sogamoso Loop,49812,Azerbaijan
27,SETH,HANNON,al-Manama,1759 Niznekamsk Avenue,39414,Bahrain
28,STEPHEN,QUALLS,Dhaka,1838 Tabriz Lane,1195,Bangladesh
29,FRANK,WAGGONER,Jamalpur,1816 Bydgoszcz Loop,64308,Bangladesh
30,MICHELLE,CLARK,Tangail,262 A Corua (La Corua) Parkway,34418,Bangladesh
31,CORY,MEEHAN,Mogiljov,556 Asuncin Way,35364,Belarus
32,CLARA,SHAW,Molodetno,1027 Songkhla Manor,30861,Belarus
33,JON,WILES,El Alto,659 Gatineau Boulevard,28587,Bolivia
34,JOEL,FRANCISCO,Sucre,287 Cuautla Boulevard,72736,Bolivia
35,CLAYTON,BARBEE,Alvorada,1407 Pachuca de Soto Place,26284,Brazil
36,JOSEPH,JOY,Angra dos Reis,1354 Siegen Street,80184,Brazil
37,TAMARA,NGUYEN,Anpolis,356 Olomouc Manor,93323,Brazil
38,NATALIE,MEYER,Aparecida de Goinia,1201 Qomsheh Manor,21464,Brazil
39,JANE,BENNETT,Araatuba,1692 Ede Loop,9223,Brazil
40,ANTONIO,MEEK,Bag,1190 0 Place,10417,Brazil
41,NICHOLAS,BARFIELD,Belm,1163 London Parkway,6066,Brazil
42,TERRI,VASQUEZ,Blumenau,1304 s-Hertogenbosch Way,10925,Brazil
43,HAROLD,MARTINO,Boa Vista,1293 Nam Dinh Way,71583,Brazil
44,TIMOTHY,BUNN,Braslia,981 Kumbakonam Place,87611,Brazil
45,TINA,SIMMONS,Goinia,984 Effon-Alaiye Avenue,17119,Brazil
46,JESUS,MCCARTNEY,Guaruj,259 Ipoh Drive,64964,Brazil
47,CHARLOTTE,HUNTER,guas Lindas de Gois,758 Junan Lane,82639,Brazil
48,DANIEL,CABRAL,Ibirit,543 Bergamo Avenue,59686,Brazil
49,FRANCES,PARKER,Juazeiro do Norte,686 Garland Manor,52535,Brazil
50,KENT,ARSENAULT,Juiz de Fora,32 Liaocheng Way,1944,Brazil
51,IDA,ANDREWS,Luzinia,1839 Szkesfehrvr Parkway,55709,Brazil
52,MARIAN,MENDOZA,Maring,829 Grand Prairie Way,6461,Brazil
53,ELLEN,SIMPSON,Po,1666 Qomsheh Drive,66255,Brazil
54,MAXINE,SILVA,Poos de Caldas,1338 Zalantun Lane,45403,Brazil
55,DENISE,KELLY,Rio Claro,1206 Dos Quebradas Place,20207,Brazil
56,MARION,SNYDER,Santa Brbara dOeste,1891 Rizhao Boulevard,47288,Brazil
57,JUSTIN,NGO,Santo Andr,519 Nyeri Manor,37650,Brazil
58,CODY,NOLEN,So Bernardo do Campo,1715 Okayama Street,55676,Brazil
59,FRANCISCO,SKIDMORE,So Leopoldo,614 Denizli Parkway,29444,Brazil
60,GEORGE,LINTON,Sorocaba,1957 Yantai Lane,59255,Brazil
61,DEBRA,NELSON,Vila Velha,306 Antofagasta Place,3989,Brazil
62,JEREMY,HURTADO,Vitria de Santo Anto,1133 Rizhao Avenue,2800,Brazil
63,LOIS,BUTLER,Bandar Seri Begawan,1370 Le Mans Avenue,52163,Brunei
64,TYRONE,ASHER,Ruse,191 Jos Azueta Parkway,13629,Bulgaria
65,JESSIE,BANKS,Stara Zagora,1229 Valencia Parkway,99124,Bulgaria
66,ELMER,NOE,Battambang,1768 Udine Loop,32347,Cambodia
67,ALLISON,STANLEY,Phnom Penh,754 Valencia Place,87911,Cambodia
68,ALBERT,CROUSE,Bamenda,1641 Changhwa Place,37636,Cameroon
69,LAWRENCE,LAWTON,Yaound,114 Jalib al-Shuyukh Manor,60440,Cameroon
70,DERRICK,BOURQUE,Gatineau,1153 Allende Way,20336,Canada
71,DARRELL,POWER,Halifax,1844 Usak Avenue,84461,Canada
72,LORETTA,CARPENTER,Oshawa,891 Novi Sad Manor,5379,Canada
73,CURTIS,IRBY,Richmond Hill,432 Garden Grove Street,65630,Canada
74,TROY,QUIGLEY,Vancouver,983 Santa F Way,47472,Canada
75,JAVIER,ELROD,NDjamna,195 Ilorin Street,49250,Chad
76,JANET,PHILLIPS,Antofagasta,1718 Valencia Street,37359,Chile
77,ANDRE,RAPP,Coquimbo,568 Dhule (Dhulia) Loop,92568,Chile
78,JEROME,KENYON,Rancagua,1872 Toulon Loop,7939,Chile
79,TED,BREAUX,Baicheng,183 Haiphong Street,69953,China
80,CHARLIE,BESS,Baiyin,362 Rajkot Lane,98030,China
81,JESSIE,MILAM,Binzhou,1332 Gaziantep Lane,22813,China
82,SUE,PETERS,Changzhou,817 Bradford Loop,89459,China
83,CHRISTY,VARGAS,Datong,1158 Mandi Bahauddin Parkway,98484,China
84,JUDITH,COX,Daxian,1966 Amroha Avenue,70385,China
85,LEO,EBERT,Dongying,1322 Mosul Parkway,95400,China
86,ALAN,KAHN,Emeishan,753 Ilorin Avenue,3656,China
87,TIFFANY,JORDAN,Enshi,804 Elista Drive,61069,China
88,DONALD,MAHON,Ezhou,1774 Yaound Place,91400,China
89,STACEY,MONTGOMERY,Fuyu,1333 Haldia Street,82161,China
90,LEONA,OBRIEN,Fuzhou,1308 Sumy Loop,30657,China
91,HUGH,WALDROP,Haining,904 Clarksville Drive,52234,China
92,LORRAINE,STEPHENS,Hami,154 Tallahassee Loop,62250,China
93,HAZEL,WARREN,Hohhot,1587 Sullana Lane,85769,China
94,ERNEST,STEPP,Huaian,500 Lincoln Parkway,95509,China
95,REGINA,BERRY,Jinchang,475 Atinsk Way,59571,China
96,EDUARDO,HIATT,Jining,1837 Kaduna Parkway,82580,China
97,TERRENCE,GUNDERSON,Jinzhou,844 Bucuresti Place,36603,China
98,RICKY,SHELBY,Junan,722 Bradford Lane,90920,China
99,FELICIA,SUTTON,Korla,226 Halifax Street,58492,China
100,MEGAN,PALMER,Laiwu,1560 Jelets Boulevard,77777,China
101,MELVIN,ELLINGTON,Laohekou,1557 Cape Coral Parkway,46875,China
102,MARGIE,WADE,Lengshuijiang,1762 Paarl Parkway,53928,China
103,DAVE,GARDINER,Leshan,1052 Pathankot Avenue,77397,China
104,CARRIE,PORTER,Liaocheng,1854 Tieli Street,15819,China
105,RUBY,WASHINGTON,Meixian,1952 Chatsworth Drive,25958,China
106,PAMELA,BAKER,Nanyang,1440 Fukuyama Loop,47929,China
107,ERICA,MATTHEWS,Pingxiang,1294 Firozabad Drive,70618,China
108,GLENDA,FRAZIER,Qinhuangdao,1246 Boksburg Parkway,28349,China
109,TYLER,WREN,Rizhao,1060 Tandil Lane,72349,China
110,KELLY,KNOTT,Sanya,390 Wroclaw Way,5753,China
111,KYLE,SPURLOCK,Shanwei,1269 Botosani Manor,47394,China
112,CLYDE,TOBIAS,Shaoguan,1909 Dayton Avenue,88513,China
113,EUGENE,CULPEPPER,Shenzhen,686 Donostia-San Sebastin Lane,97390,China
114,CHESTER,BENNER,Suihua,1574 Goinia Boulevard,39529,China
115,DORA,MEDINA,Tianjin,1760 Oshawa Manor,38140,China
116,MICHAEL,SILVERMAN,Tiefa,1908 Gaziantep Place,58979,China
117,AUSTIN,CINTRON,Tieli,1325 Fukuyama Street,27107,China
118,LEROY,BUSTAMANTE,Tongliao,105 Dzerzinsk Manor,48570,China
119,MARION,OCAMPO,Weifang,1464 Kursk Parkway,17381,China
120,HEIDI,LARSON,Xiangfan,1103 Bilbays Parkway,87660,China
121,KELLY,TORRES,Xiangtan,1586 Guaruj Place,5135,China
122,BOB,PFEIFFER,Xintai,415 Pune Avenue,44274,China
123,WALTER,PERRYMAN,Xinxiang,1909 Benguela Lane,19913,China
124,KAY,CALDWELL,Yantai,85 San Felipe de Puerto Plata Drive,46063,China
125,ROBERTO,VU,Yinchuan,1297 Alvorada Parkway,11839,China
126,ROLAND,SOUTH,Yingkou,1993 0 Loop,41214,China
127,MICHELE,GRANT,Yuncheng,798 Cianjur Avenue,76990,China
128,GARY,COY,Yuzhou,867 Benin City Avenue,78543,China
129,PHYLLIS,FOSTER,Zalantun,832 Nakhon Sawan Manor,49021,China
130,FRANKLIN,TROUTMAN,Zaoyang,1778 Gijn Manor,35156,China
131,GUY,BROWNLEE,Zhoushan,346 Cam Ranh Avenue,39976,China
132,JACKIE,LYNCH,Buenaventura,98 Stara Zagora Boulevard,76448,Colombia
133,SYLVIA,ORTIZ,Dos Quebradas,241 Mosul Lane,76157,Colombia
134,LEON,BOSTIC,Florencia,734 Tanshui Avenue,70664,Colombia
135,STACY,CUNNINGHAM,Pereira,1410 Benin City Parkway,29747,Colombia
136,WANDA,PATTERSON,Sincelejo,1740 Portoviejo Avenue,29932,Colombia
137,SAM,MCDUFFIE,Sogamoso,656 Matamoros Drive,19489,Colombia
138,JESSE,SCHILLING,Lubumbashi,514 Ife Way,69973,"Congo, The Democratic Republic of the"
139,AARON,SELBY,Mwene-Ditu,1519 Santiago de los Caballeros Loop,22025,"Congo, The Democratic Republic of the"
140,JENNIE,TERRY,Olomouc,682 Halisahar Place,20536,Czech Republic
141,RANDALL,NEUMANN,La Romana,1245 Ibirit Way,40926,Dominican Republic
142,JEFF,EAST,San Felipe de Puerto Plata,437 Chungho Drive,59489,Dominican Republic
143,MYRTLE,FLEMING,Santiago de los Caballeros,532 Toulon Street,69517,Dominican Republic
144,TRACY,HERRMANN,Loja,1074 Sanaa Parkway,22474,Ecuador
145,PATSY,DAVIDSON,Portoviejo,816 Cayenne Parkway,93629,Ecuador
146,RAMON,CHOATE,Robamba,1954 Kowloon and New Kowloon Way,63667,Ecuador
147,EVERETT,BANDA,Bilbays,1741 Hoshiarpur Boulevard,22372,Egypt
148,LILLIE,KIM,Idfu,1736 Cavite Place,98775,Egypt
149,RICK,MATTOX,Mit Ghamr,775 ostka Drive,22358,Egypt
150,EMMA,BOYD,Qalyub,765 Southampton Drive,4285,Egypt
151,ALFRED,CASILLAS,Sawhaj,1727 Matamoros Place,78813,Egypt
152,SHERRY,MARSHALL,Shubra al-Khayma,1987 Coacalco de Berriozbal Loop,96065,Egypt
153,MARCUS,HIDALGO,Tartu,1289 Belm Boulevard,88306,Estonia
154,SEAN,DOUGLASS,Addis Abeba,614 Pak Kret Street,27796,Ethiopia
155,EDWARD,BAUGH,Trshavn,1359 Zhoushan Parkway,29763,Faroe Islands
156,ERIKA,PENA,Oulu,898 Jining Lane,40070,Finland
157,LUIS,YANEZ,Brest,1346 Mysore Drive,61507,France
158,LAUREN,HUDSON,Le Mans,1740 Le Mans Loop,22853,France
159,RITA,GRAHAM,Toulon,1386 Yangor Avenue,80720,France
160,VIRGINIA,GREEN,Toulouse,391 Callao Drive,34021,France
161,ROSE,HOWARD,Cayenne,698 Otsu Street,71110,French Guiana
162,CHRISTINE,ROBERTS,Faaa,1447 Imus Way,48942,French Polynesia
163,GLORIA,COOK,Papeete,1668 Saint Louis Place,39072,French Polynesia
164,SALVADOR,TEEL,Banjul,247 Jining Parkway,53446,Gambia
165,GRACE,ELLIS,Duisburg,442 Rae Bareli Place,24321,Germany
166,MIGUEL,BETANCOURT,Erlangen,319 Springs Loop,99552,Germany
167,VICKIE,BREWER,Halle/Saale,1966 Tonghae Street,36481,Germany
168,ALMA,AUSTIN,Mannheim,1074 Binzhou Manor,36490,Germany
169,COLLEEN,BURTON,Saarbrcken,430 Alessandria Loop,47446,Germany
170,VANESSA,SIMS,Siegen,1792 Valle de la Pascua Place,15540,Germany
171,VICKI,FIELDS,Witten,68 Molodetno Manor,4662,Germany
172,LINDA,WILLIAMS,Athenai,692 Joliet Street,83579,Greece
173,ENRIQUE,FORSYTHE,Patras,1101 Bucuresti Boulevard,97661,Greece
174,GERTRUDE,CASTILLO,Nuuk,850 Salala Loop,10800,Greenland
175,JESSICA,HALL,Citt del Vaticano,18 Duisburg Boulevard,58327,Holy See (Vatican City State)
176,VIOLET,RODRIQUEZ,Kowloon and New Kowloon,1912 Allende Manor,58124,Hong Kong
177,TERRANCE,ROUSH,Szkesfehrvr,42 Fontana Avenue,14684,Hungary
178,ADAM,GOOCH,Adoni,230 Urawa Drive,2738,India
179,SHERRI,RHODES,Ahmadnagar,922 Vila Velha Loop,4085,India
180,ANNETTE,OLSON,Allappuzha (Alleppey),431 Xiangtan Avenue,4854,India
181,ARLENE,HARVEY,Ambattur,1014 Loja Manor,66851,India
182,CHRISTIAN,JUNG,Amroha,949 Allende Lane,67521,India
183,LUCY,WHEELER,Balurghat,624 Oshawa Boulevard,89959,India
184,MARVIN,YEE,Berhampore (Baharampur),126 Acua Parkway,58888,India
185,CARLOS,COUGHLIN,Bhavnagar,97 Mogiljov Lane,89294,India
186,TONYA,CHAPMAN,Bhilwara,43 Dadu Avenue,4855,India
187,ERIK,GUILLEN,Bhimavaram,635 Brest Manor,40899,India
188,HELEN,HARRIS,Bhopal,419 Iligan Lane,72878,India
189,CARLA,GUTIERREZ,Bhusawal,642 Nador Drive,3924,India
190,TIM,CARY,Bijapur,1257 Guadalajara Street,33599,India
191,SALLY,PIERCE,Chandrapur,1540 Wroclaw Drive,62686,India
192,RAUL,FORTIER,Chapra,1747 Rustenburg Place,51369,India
193,BERNARD,COLBY,Dhule (Dhulia),495 Bhimavaram Lane,3,India
194,JOSEPHINE,GOMEZ,Etawah,211 Chiayi Drive,58186,India
195,LAURIE,LAWRENCE,Firozabad,9 San Miguel de Tucumn Manor,90845,India
196,EDITH,MCDONALD,Gandhinagar,1967 Sincelejo Place,73644,India
197,WAYNE,TRUONG,Gulbarga,1049 Matamoros Parkway,69640,India
198,HOLLY,FOX,Haldia,435 0 Way,74750,India
199,LENA,JENSEN,Halisahar,1027 Banjul Place,50390,India
200,ALLEN,BUTTERFIELD,Hoshiarpur,791 Salinas Street,40509,India
201,ANITA,MORALES,Hubli-Dharwad,788 Atinsk Street,81691,India
202,MILDRED,BAILEY,Jaipur,81 Hodeida Way,55561,India
203,AMY,LOPEZ,Jhansi,176 Mandaluyong Place,65213,India
204,PEARL,GARZA,Jodhpur,60 Poos de Caldas Street,82338,India
205,BRENDA,WRIGHT,Kamarhati,33 Gorontalo Way,30348,India
206,LESTER,KRAUS,Kanchrapara,1013 Tabuk Boulevard,96203,India
207,NAOMI,JENNINGS,Karnal,1884 Shikarpur Avenue,85548,India
208,CHAD,CARBONE,Katihar,1948 Bayugan Parkway,60622,India
209,PENNY,NEAL,Kumbakonam,1675 Xiangfan Manor,11763,India
210,STEVEN,CURLEY,Miraj,651 Pathankot Loop,59811,India
211,CYNTHIA,YOUNG,Munger (Monghyr),1425 Shikarpur Manor,65599,India
212,CHERYL,MURPHY,Mysore,1213 Ranchi Parkway,94352,India
213,ALICIA,MILLS,Nagaon,1963 Moscow Place,64863,India
214,NINA,SOTO,Palghat (Palakkad),1519 Ilorin Place,49298,India
215,JOHN,FARNSWORTH,Parbhani,41 El Alto Parkway,56883,India
216,PAULA,BRYANT,Pathankot,1697 Tanauan Lane,22870,India
217,RAMONA,HALE,Patiala,951 Stara Zagora Manor,98573,India
218,LEE,HAWKS,Pudukkottai,1661 Abha Drive,14400,India
219,JUANITA,MASON,Pune,943 Johannesburg Avenue,5892,India
220,BRADLEY,MOTLEY,Purnea (Purnia),1596 Acua Parkway,70425,India
221,LORI,WOOD,Rae Bareli,936 Salzburg Lane,96709,India
222,DWAYNE,OLVERA,Rajkot,1447 Imus Place,12905,India
223,JOSHUA,MARK,Rampur,1920 Weifang Avenue,15643,India
224,SAMUEL,MARLOW,Ranchi,604 Bern Place,5373,India
225,AGNES,BISHOP,Sambhal,866 Shivapuri Manor,22474,India
226,GERALD,FULTZ,Satna,45 Aparecida de Goinia Place,7431,India
227,NELLIE,GARRETT,Shimoga,1964 Gijn Manor,14408,India
228,NICOLE,PETERSON,Shivapuri,57 Arlington Manor,48960,India
229,BRETT,CORNWELL,Siliguri (Shiliguri),1197 Sokoto Boulevard,87687,India
230,BECKY,MILES,Tambaram,1993 Tabuk Lane,64221,India
231,BEATRICE,ARNOLD,Udaipur,1877 Ezhou Lane,63337,India
232,THEODORE,CULP,Uluberia,1704 Tambaram Manor,2834,India
233,GEORGIA,JACOBS,Uttarpara-Kotrung,954 Kimchon Place,42420,India
234,MIKE,WAY,Valparai,990 Etawah Loop,79940,India
235,SHANNON,FREEMAN,Varanasi (Benares),117 Boa Vista Way,6804,India
236,MILTON,HOWLAND,Vijayawada,758 Korolev Parkway,75474,India
237,NANCY,THOMAS,Yamuna Nagar,808 Bhopal Manor,10672,India
238,NORMAN,CURRIER,Cianjur,1445 Carmen Parkway,70809,Indonesia
239,MINNIE,ROMERO,Ciomas,47 Syktyvkar Lane,22236,Indonesia
240,JEFFREY,SPEAR,Ciparay,1860 Taguig Loop,59550,Indonesia
241,TARA,RYAN,Gorontalo,1688 Nador Lane,61613,Indonesia
242,SUZANNE,NICHOLS,Jakarta,456 Escobar Way,36061,Indonesia
243,JORGE,OLIVARES,Lhokseumawe,1078 Stara Zagora Drive,69221,Indonesia
244,REGINALD,KINDER,Madiun,519 Brescia Parkway,69504,Indonesia
245,LONNIE,TIRADO,Pangkal Pinang,1658 Cuman Loop,51309,Indonesia
246,VICTORIA,GIBSON,Pemalang,544 Malm Parkway,63502,Indonesia
247,LESLIE,SEWARD,Pontianak,1152 al-Qatif Lane,44816,Indonesia
248,STEVE,MACKENZIE,Probolinggo,154 Oshawa Manor,72771,Indonesia
249,JARED,ELY,Purwakarta,1003 Qinhuangdao Street,25972,Indonesia
250,JAY,ROBB,Surakarta,1947 Paarl Way,23636,Indonesia
251,LLOYD,DOWD,Tegal,935 Aden Boulevard,64709,Indonesia
252,KATHLEEN,ADAMS,Arak,334 Munger (Monghyr) Lane,38145,Iran
253,DOROTHY,TAYLOR,Esfahan,1531 Sal Drive,53628,Iran
254,HOWARD,FORTNER,Kermanshah,220 Hidalgo Drive,45298,Iran
255,HARRY,ARCE,Najafabad,1922 Miraj Way,13203,Iran
256,TOMMY,COLLAZO,Qomsheh,76 Kermanshah Manor,23343,Iran
257,ROBERTA,HARPER,Shahr-e Kord,927 Barcelona Street,65121,Iran
258,OSCAR,AQUINO,Sirjan,956 Nam Dinh Manor,21872,Iran
259,DIANNE,SHELTON,Tabriz,600 Bradford Street,96204,Iran
260,DARYL,LARUE,Mosul,1208 Tama Loop,73605,Iraq
261,CRYSTAL,FORD,Ashdod,659 Vaduz Drive,49708,Israel
262,LEWIS,LYMAN,Ashqelon,632 Usolje-Sibirskoje Parkway,73085,Israel
263,KENNETH,GOODEN,Bat Yam,1542 Lubumbashi Boulevard,62472,Israel
264,GERALDINE,PERKINS,Tel Aviv-Jaffa,97 Shimoga Avenue,44660,Israel
265,ANNA,HILL,Alessandria,127 Purnea (Purnia) Manor,79388,Italy
266,ALEXANDER,FENNELL,Bergamo,231 Kaliningrad Place,57833,Italy
267,CHRISTOPHER,GRECO,Brescia,1224 Huejutla de Reyes Boulevard,70923,Italy
268,MARC,OUTLAW,Brindisi,1 Valle de Santiago Avenue,86208,Italy
269,DARREN,WINDHAM,Livorno,379 Lublin Parkway,74568,Italy
270,BESSIE,MORRISON,Syrakusa,1926 Gingoog Street,22824,Italy
271,ADRIAN,CLARY,Udine,1986 Sivas Place,95775,Italy
272,JULIAN,VEST,Akishima,923 Tangail Boulevard,33384,Japan
273,DEBBIE,REYES,Fukuyama,928 Jaffna Loop,93762,Japan
274,GWENDOLYN,MAY,Higashiosaka,446 Kirovo-Tepetsk Lane,19428,Japan
275,KRISTEN,CHAVEZ,Hino,345 Oshawa Boulevard,32114,Japan
276,JAMES,GANNON,Hiroshima,1635 Kuwana Boulevard,52137,Japan
277,RON,DELUCA,Isesaki,1949 Sanya Street,61244,Japan
278,MARLENE,WELCH,Iwaki,1148 Saarbrcken Parkway,1921,Japan
279,TERESA,ROGERS,Iwakuni,1964 Allappuzha (Alleppey) Street,48980,Japan
280,EARL,SHANKS,Iwatsuki,168 Cianjur Manor,73824,Japan
281,CLARENCE,GAMEZ,Izumisano,767 Pyongyang Drive,83536,Japan
282,CATHY,SPENCER,Kakamigahara,1287 Xiangfan Boulevard,57844,Japan
283,RACHEL,BARNES,Kamakura,586 Tete Way,1079,Japan
284,KURT,EMMONS,Kanazawa,1421 Quilmes Lane,19151,Japan
285,TONY,CARRANZA,Koriyama,454 Patiala Lane,13496,Japan
286,REBECCA,SCOTT,Kurashiki,61 Tama Street,94065,Japan
287,JAMIE,WAUGH,Kuwana,958 Sagamihara Lane,88408,Japan
288,TERRY,GRISSOM,Matsue,619 Hunuco Avenue,81508,Japan
289,TERRY,CARLSON,Miyakonojo,752 Ondo Loop,32474,Japan
290,HEATHER,MORRIS,Nagareyama,17 Kabul Boulevard,38594,Japan
291,RICARDO,MEADOR,Okayama,591 Sungai Petani Drive,46400,Japan
292,BRUCE,SCHWARZ,Okinawa,1565 Tangail Manor,45750,Japan
293,STANLEY,SCROGGINS,Omiya,1266 Laredo Parkway,7664,Japan
294,JERRY,JORDON,Onomichi,124 al-Manama Way,52368,Japan
295,MIRIAM,MCKINNEY,Otsu,1336 Benin City Drive,46044,Japan
296,LISA,ANDERSON,Sagamihara,1542 Tarlac Parkway,1027,Japan
297,MARY,SMITH,Sasebo,1913 Hanoi Way,35200,Japan
298,ANGELA,HERNANDEZ,Shimonoseki,786 Aurora Avenue,65750,Japan
299,PHILLIP,HOLM,Tama,102 Chapra Drive,14073,Japan
300,FREDERICK,ISBELL,Tsuyama,1404 Taguig Drive,87212,Japan
301,ANGEL,BARCLAY,Ueda,496 Celaya Drive,90797,Japan
302,JOANNE,ROBERTSON,Urawa,1337 Lincoln Parkway,99457,Japan
303,IRENE,PRICE,Pavlodar,602 Paarl Street,98889,Kazakstan
304,BYRON,BOX,Zhezqazghan,521 San Juan Bautista Tuxtepec Place,95093,Kazakstan
305,KATIE,ELLIOTT,Kisumu,447 Surakarta Loop,10428,Kenya
306,ROY,WHITING,Nyeri,1658 Jastrzebie-Zdrj Loop,96584,Kenya
307,CLAUDIA,FULLER,Jalib al-Shuyukh,346 Skikda Parkway,90628,Kuwait
308,RYAN,SALISBURY,Daugavpils,1673 Tangail Drive,26857,Latvia
309,SARAH,LEWIS,Liepaja,1780 Hino Boulevard,7716,Latvia
310,EVELYN,MORGAN,Vaduz,943 Tokat Street,45428,Liechtenstein
311,FELIX,GAFFNEY,Vilnius,1059 Yuncheng Avenue,47498,Lithuania
312,ANDREA,HENDERSON,Mahajanga,320 Baiyin Parkway,37307,Madagascar
313,LYNN,PAYNE,Lilongwe,710 San Felipe del Progreso Avenue,76901,Malawi
314,DOLORES,WAGNER,Ipoh,316 Uruapan Street,58194,Malaysia
315,JEAN,BELL,Kuching,1114 Liepaja Street,69226,Malaysia
316,CHARLES,KOWALSKI,Sungai Petani,715 So Bernardo do Campo Lane,84804,Malaysia
317,GLEN,TALBERT,Acua,1789 Saint-Denis Parkway,8268,Mexico
318,VINCENT,RALSTON,Allende,397 Sunnyvale Avenue,55566,Mexico
319,SARA,PERRY,Atlixco,125 Citt del Vaticano Boulevard,67912,Mexico
320,WILLARD,LUMPKIN,Carmen,1819 Alessandria Loop,53829,Mexico
321,SERGIO,STANFIELD,Celaya,1402 Zanzibar Boulevard,71102,Mexico
322,STELLA,MORENO,Coacalco de Berriozbal,1473 Changhwa Parkway,75933,Mexico
323,MAURICE,CRAWLEY,Coatzacoalcos,1785 So Bernardo do Campo Street,71182,Mexico
324,ALVIN,DELOACH,Cuauhtmoc,1447 Chatsworth Place,41545,Mexico
325,MATTHEW,MAHAN,Cuautla,479 San Felipe del Progreso Avenue,54949,Mexico
326,ISAAC,OGLESBY,Cuernavaca,186 Skikda Lane,89422,Mexico
327,JIM,REA,El Fuerte,814 Simferopol Loop,48745,Mexico
328,BENJAMIN,VARNEY,Guadalajara,817 Laredo Avenue,77449,Mexico
329,DANIELLE,DANIELS,Hidalgo,781 Shimonoseki Drive,95444,Mexico
330,ANDY,VANHORN,Huejutla de Reyes,966 Asuncin Way,62703,Mexico
331,TRACY,COLE,Huixquilucan,1002 Ahmadnagar Manor,93026,Mexico
332,VIRGIL,WOFFORD,Jos Azueta,760 Miyakonojo Drive,64682,Mexico
333,FRED,WHEAT,Jurez,433 Florencia Street,91330,Mexico
334,SHANE,MILLARD,La Paz,184 Mandaluyong Street,94239,Mexico
335,SAMANTHA,DUNCAN,Matamoros,146 Johannesburg Way,54132,Mexico
336,DOUGLAS,GRAF,Mexicali,785 Vaduz Street,36170,Mexico
337,IVAN,CROMWELL,Monclova,1351 Sousse Lane,37815,Mexico
338,WENDY,HARRISON,Nezahualcyotl,1107 Nakhon Sawan Avenue,75149,Mexico
339,JONATHAN,SCARBOROUGH,Pachuca de Soto,1698 Southport Loop,49009,Mexico
340,PRISCILLA,LOWE,Salamanca,144 South Hill Loop,2012,Mexico
341,RONALD,WEINER,San Felipe del Progreso,1145 Vilnius Manor,73170,Mexico
342,FRANCIS,SIKES,San Juan Bautista Tuxtepec,355 Vitria de Santo Anto Way,81758,Mexico
343,PAULINE,HENRY,Torren,261 Saint Louis Way,83401,Mexico
344,ALEX,GRESHAM,Uruapan,251 Florencia Drive,16119,Mexico
345,BOBBIE,CRAIG,Valle de Santiago,86 Higashiosaka Lane,33768,Mexico
346,FLOYD,GANDY,Zapopan,1088 Ibirit Place,88502,Mexico
347,MARTHA,GONZALEZ,Chisinau,269 Cam Ranh Parkway,34689,Moldova
348,LANCE,PEMBERTON,Beni-Mellal,454 Qinhuangdao Drive,25866,Morocco
349,AMANDA,CARTER,Nador,671 Graz Street,94399,Morocco
350,LAURA,RODRIGUEZ,Sal,28 Charlotte Amalie Street,37551,Morocco
351,MARSHA,DOUGLAS,Beira,771 Yaound Manor,86768,Mozambique
352,DON,BONE,Naala-Porto,596 Huixquilucan Place,65892,Mozambique
353,ANNIE,RUSSELL,Tete,1599 Plock Drive,71986,Mozambique
354,MABEL,HOLLAND,Monywa,51 Laredo Avenue,68146,Myanmar
355,BARBARA,JONES,Myingyan,1566 Inegl Manor,53561,Myanmar
356,DUANE,TUBBS,Yangor,962 Tama Loop,65952,Nauru
357,KEVIN,SCHULER,Birgunj,470 Boksburg Street,97960,Nepal
358,GLENN,PULLEN,Amersfoort,992 Klerksdorp Loop,33711,Netherlands
359,RHONDA,KENNEDY,Apeldoorn,1749 Daxian Place,11044,Netherlands
360,PETER,MENARD,Ede,1217 Konotop Avenue,504,Netherlands
361,DUSTIN,GILLETTE,Emmen,1854 Okara Boulevard,42123,Netherlands
362,VIVIAN,RUIZ,s-Hertogenbosch,741 Ambattur Manor,43310,Netherlands
363,SUSAN,WILSON,Hamilton,478 Joliet Way,77948,New Zealand
364,SONIA,GREGORY,Benin City,1279 Udine Parkway,75860,Nigeria
365,RODNEY,MOELLER,Deba Habe,1936 Lapu-Lapu Parkway,7122,Nigeria
366,VELMA,LUCAS,Effon-Alaiye,1155 Liaocheng Place,22650,Nigeria
367,MARILYN,ROSS,Ife,1888 Kabul Drive,20936,Nigeria
368,ELSIE,KELLEY,Ikerre,955 Bamenda Way,1545,Nigeria
369,GLADYS,HAMILTON,Ilorin,1177 Jelets Way,3305,Nigeria
370,CAROL,GARCIA,Kaduna,320 Brest Avenue,43331,Nigeria
371,OLGA,JIMENEZ,Ogbomosho,556 Baybay Manor,55802,Nigeria
372,BERTHA,FERGUSON,Ondo,1367 Yantai Manor,21294,Nigeria
373,TRACEY,BARRETT,Owo,1006 Santa Brbara dOeste Manor,36229,Nigeria
374,JO,FOWLER,Oyo,786 Stara Zagora Way,98332,Nigeria
375,WALLACE,SLONE,Sokoto,1342 Sharja Way,93655,Nigeria
376,CONSTANCE,REID,Zaria,885 Yingkou Manor,31390,Nigeria
377,DARLENE,ROSE,Pyongyang,1386 Nakhon Sawan Boulevard,53502,North Korea
378,MARGARET,MOORE,Masqat,613 Korolev Drive,45844,Oman
379,GENE,SANBORN,Salala,1416 San Juan Bautista Tuxtepec Avenue,50592,Oman
380,JEFFERY,PINSON,Dadu,966 Arecibo Loop,94018,Pakistan
381,MELINDA,FERNANDEZ,Mandi Bahauddin,1820 Maring Parkway,88307,Pakistan
382,SHARON,ROBINSON,Mardan,1688 Okara Way,21954,Pakistan
383,DANNY,ISOM,Okara,734 Bchar Place,30586,Pakistan
384,DEBORAH,WALKER,Shikarpur,934 San Felipe de Puerto Plata Street,99780,Pakistan
385,MAUREEN,LITTLE,Asuncin,201 Effon-Alaiye Way,64344,Paraguay
386,EILEEN,CARR,Ciudad del Este,1679 Antofagasta Street,86599,Paraguay
387,CARL,ARTIS,San Lorenzo,1628 Nagareyama Lane,60079,Paraguay
388,DAVID,ROYAL,Callao,827 Yuncheng Drive,79047,Peru
389,JAIME,NETTLES,Hunuco,1746 Faaa Way,32515,Peru
390,THELMA,MURRAY,Lima,1175 Tanauan Way,64615,Peru
391,FREDDIE,DUGGAN,Sullana,1103 Quilmes Boulevard,52137,Peru
392,KATHY,JAMES,Baybay,492 Cam Ranh Street,50805,Philippines
393,MELANIE,ARMSTRONG,Bayugan,1166 Changhwa Street,58852,Philippines
394,NORMA,GONZALES,Bislig,152 Kitwe Parkway,53182,Philippines
395,BILLY,POULIN,Cabuyao,1061 Ede Avenue,57810,Philippines
396,CRAIG,MORRELL,Cavite,717 Changzhou Lane,21615,Philippines
397,SHIRLEY,ALLEN,Davao,217 Botshabelo Place,49521,Philippines
398,DEREK,BLAKELY,Gingoog,118 Jaffna Loop,10447,Philippines
399,IRMA,PEARSON,Hagonoy,127 Iwakuni Boulevard,20777,Philippines
400,ROSS,GREY,Iligan,951 Springs Lane,96115,Philippines
401,JOE,GILLILAND,Imus,953 Hodeida Street,18841,Philippines
402,VIOLA,HANSON,Lapu-Lapu,582 Papeete Loop,27722,Philippines
403,HILDA,HOPKINS,Mandaluyong,1831 Nam Dinh Loop,51990,Philippines
404,EDDIE,TOMLIN,Ozamis,1351 Aparecida de Goinia Parkway,41775,Philippines
405,ARNOLD,HAVENS,Santa Rosa,1176 Southend-on-Sea Manor,81651,Philippines
406,THERESA,WATSON,Taguig,89 Allappuzha (Alleppey) Manor,75444,Philippines
407,RAFAEL,ABNEY,Talavera,48 Maracabo Place,1570,Philippines
408,LOUIS,LEONE,Tanauan,1191 Tandil Drive,6362,Philippines
409,MARCIA,DEAN,Tanza,1479 Rustenburg Boulevard,18727,Philippines
410,ALLAN,CORNISH,Tarlac,947 Trshavn Place,841,Philippines
411,DEANNA,BYRD,Tuguegarao,862 Xintai Lane,30065,Philippines
412,BRIAN,WYMAN,Bydgoszcz,1769 Iwaki Lane,25787,Poland
413,SIDNEY,BURLESON,Czestochowa,1405 Hagonoy Avenue,86587,Poland
414,MARJORIE,TUCKER,Jastrzebie-Zdrj,1050 Garden Grove Avenue,4999,Poland
415,LEAH,CURTIS,Kalisz,906 Goinia Way,83565,Poland
416,RUBEN,GEARY,Lublin,414 Mandaluyong Street,16370,Poland
417,JOHNNIE,CHISHOLM,Plock,1501 Pangkal Pinang Avenue,943,Poland
418,RUSSELL,BRINSON,Tychy,1642 Charlotte Amalie Drive,75442,Poland
419,JIMMIE,EGGLESTON,Wroclaw,505 Madiun Boulevard,97271,Poland
420,RALPH,MADRIGAL,Arecibo,1009 Zanzibar Lane,64875,Puerto Rico
421,JENNY,CASTRO,Ponce,1405 Chisinau Place,8160,Puerto Rico
422,JOY,GEORGE,Botosani,1256 Bislig Boulevard,50598,Romania
423,KEN,PREWITT,Bucuresti,1342 Abha Boulevard,10714,Romania
424,ELEANOR,HUNT,Saint-Denis,1952 Pune Lane,92150,Runion
425,JIMMY,SCHRADER,Atinsk,616 Hagonoy Avenue,46043,Russian Federation
426,DORIS,REED,Balaiha,1697 Kowloon and New Kowloon Loop,57807,Russian Federation
427,RAY,HOULE,Dzerzinsk,740 Udaipur Lane,33505,Russian Federation
428,DONNA,THOMPSON,Elista,270 Toulon Boulevard,81766,Russian Federation
429,CONNIE,WALLACE,Ivanovo,1867 San Juan Bautista Tuxtepec Avenue,78311,Russian Federation
430,DELORES,HANSEN,Jaroslavl,810 Palghat (Palakkad) Boulevard,73431,Russian Federation
431,ROBIN,HAYES,Jelets,1913 Kamakura Place,97287,Russian Federation
432,ROBERT,BAUGHMAN,Kaliningrad,1883 Maikop Lane,68469,Russian Federation
433,BEN,EASTER,Kamyin,886 Tonghae Place,19450,Russian Federation
434,DANA,HART,Kirovo-Tepetsk,1089 Iwatsuki Avenue,35109,Russian Federation
435,DAISY,BATES,Kolpino,661 Chisinau Lane,8856,Russian Federation
436,PHILIP,CAUSEY,Korolev,954 Lapu-Lapu Way,8816,Russian Federation
437,RANDY,GAITHER,Kurgan,1618 Olomouc Manor,26385,Russian Federation
438,PAUL,TROUT,Kursk,746 Joliet Lane,94878,Russian Federation
439,MARIE,TURNER,Lipetsk,1998 Halifax Drive,76022,Russian Federation
440,ERIN,DUNN,Ljubertsy,1623 Baha Blanca Manor,81511,Russian Federation
441,ARTHUR,SIMPKINS,Maikop,1157 Nyeri Loop,56380,Russian Federation
442,CATHERINE,CAMPBELL,Moscow,46 Pjatigorsk Lane,23616,Russian Federation
443,CLIFFORD,BOWENS,Nabereznyje Telny,207 Cuernavaca Loop,52671,Russian Federation
444,ANN,EVANS,Niznekamsk,909 Garland Manor,69367,Russian Federation
445,JEANETTE,GREENE,Novoterkassk,1077 San Felipe de Puerto Plata Place,65387,Russian Federation
446,HECTOR,POINDEXTER,Pjatigorsk,185 Mannheim Lane,23661,Russian Federation
447,ALFREDO,MCADAMS,Serpuhov,1407 Surakarta Manor,33224,Russian Federation
448,ELAINE,STEVENS,Smolensk,801 Hagonoy Drive,8439,Russian Federation
449,HERBERT,KRUGER,Syktyvkar,1823 Hoshiarpur Lane,33191,Russian Federation
450,JUAN,FRALEY,Teboksary,469 Nakhon Sawan Street,58866,Russian Federation
451,WARREN,SHERROD,Usolje-Sibirskoje,1621 Tongliao Avenue,22173,Russian Federation
452,JACK,FOUST,Zeleznogorsk,1378 Beira Loop,40792,Russian Federation
453,JOSE,ANDREW,Kingstown,1016 Iwakuni Street,49833,Saint Vincent and the Grenadines
454,PEGGY,MYERS,Abha,733 Mandaluyong Place,77459,Saudi Arabia
455,CHRISTINA,RAMIREZ,al-Hawiya,1124 Buenaventura Drive,6856,Saudi Arabia
456,TRAVIS,ESTEP,al-Qatif,289 Santo Andr Manor,72410,Saudi Arabia
457,JOYCE,EDWARDS,Jedda,725 Isesaki Place,74428,Saudi Arabia
458,MARK,RINEHART,Tabuk,780 Kimberley Way,17032,Saudi Arabia
459,RONNIE,RICKETTS,Ziguinchor,1889 Valparai Way,75559,Senegal
460,KEITH,RICO,Bratislava,482 Kowloon and New Kowloon Manor,97056,Slovakia
461,ETHEL,WEBB,Boksburg,569 Baicheng Lane,60304,South Africa
462,ESTHER,CRAWFORD,Botshabelo,898 Belm Manor,49757,South Africa
463,DWIGHT,LOMBARDI,Chatsworth,1497 Fengshan Drive,63022,South Africa
464,DEAN,SAUER,Johannesburg,270 Tambaram Parkway,9668,South Africa
465,RUTH,MARTINEZ,Kimberley,1417 Lancaster Avenue,72192,South Africa
466,EDNA,WEST,Klerksdorp,682 Junan Way,30418,South Africa
467,EDWIN,BURK,Newcastle,1766 Almirante Brown Street,63104,South Africa
468,DENNIS,GILMAN,Paarl,1443 Mardan Street,31483,South Africa
469,DALE,RATCLIFF,Rustenburg,1639 Saarbrcken Drive,9827,South Africa
470,LUCILLE,HOLMES,Soshanguve,999 Sanaa Loop,3439,South Africa
471,LOUISE,JENKINS,Springs,929 Tallahassee Loop,74671,South Africa
472,BONNIE,HUGHES,Cheju,1942 Ciparay Parkway,82624,South Korea
473,EMILY,DIAZ,Kimchon,588 Vila Velha Manor,51540,South Korea
474,TANYA,GILBERT,Naju,647 A Corua (La Corua) Street,36971,South Korea
475,FERNANDO,CHURCHILL,Tonghae,193 Bhusawal Place,9750,South Korea
476,COURTNEY,DAY,Uijongbu,300 Junan Street,81314,South Korea
477,JULIE,SANCHEZ,A Corua (La Corua),939 Probolinggo Loop,4166,Spain
478,MAE,FLETCHER,Donostia-San Sebastin,44 Najafabad Way,61391,Spain
479,CHRIS,BROTHERS,Gijn,331 Bydgoszcz Parkway,966,Spain
480,WESLEY,BULL,Ourense (Orense),1469 Plock Lane,95835,Spain
481,NELSON,CHRISTENSON,Santiago de Compostela,1764 Jalib al-Shuyukh Parkway,77642,Spain
482,MANUEL,MURRELL,Jaffna,692 Amroha Drive,35575,Sri Lanka
483,JOHNNY,TURPIN,al-Qadarif,1152 Citrus Heights Manor,5239,Sudan
484,DIANE,COLLINS,Omdurman,115 Hidalgo Parkway,80168,Sudan
485,JANICE,WARD,Malm,1150 Kimchon Manor,96109,Sweden
486,KATHERINE,RIVERA,Basel,915 Ponce Place,83980,Switzerland
487,GAIL,KNIGHT,Bern,185 Novi Sad Place,41778,Switzerland
488,WADE,DELVALLE,Lausanne,1331 Usak Boulevard,61960,Switzerland
489,TAMMY,SANDERS,Changhwa,1551 Rampur Lane,72394,Taiwan
490,BEVERLY,BROOKS,Chiayi,1947 Poos de Caldas Boulevard,60951,Taiwan
491,BRAD,MCCURDY,Chungho,608 Birgunj Parkway,400,Taiwan
492,MORRIS,MCCARTER,Fengshan,1568 Celaya Parkway,34750,Taiwan
493,ROGER,QUINTANILLA,Hsichuh,381 Kabul Way,87272,Taiwan
494,MELISSA,KING,Lungtan,1668 Anpolis Street,50199,Taiwan
495,ELIZABETH,BROWN,Nantou,53 Idfu Parkway,42399,Taiwan
496,CLIFTON,MALCOLM,Tanshui,1489 Kakamigahara Lane,98883,Taiwan
497,AMBER,DIXON,Touliu,1029 Dzerzinsk Manor,57519,Taiwan
498,KIRK,STCLAIR,Tsaotun,1923 Stara Zagora Lane,95179,Taiwan
499,HERMAN,DEVORE,Mwanza,64 Korla Street,25145,Tanzania
500,YOLANDA,WEAVER,Tabora,605 Rio Claro Parkway,49348,Tanzania
501,CHARLENE,ALVAREZ,Zanzibar,1842 Luzinia Boulevard,94420,Tanzania
502,SHAWN,HEATON,Nakhon Sawan,1337 Mit Ghamr Avenue,29810,Thailand
503,CAROLYN,PEREZ,Pak Kret,1632 Bislig Avenue,61117,Thailand
504,JACQUELINE,LONG,Songkhla,870 Ashqelon Loop,84931,Thailand
505,HENRY,BILLINGSLEY,Nukualofa,1516 Escobar Drive,46069,Tonga
506,GREGORY,MAULDIN,Sousse,507 Smolensk Loop,22971,Tunisia
507,LARRY,THRASHER,Adana,663 Baha Blanca Parkway,33463,Turkey
508,BRANDON,HUEY,Balikesir,1912 Emeishan Drive,33050,Turkey
509,BERNICE,WILLIS,Batman,29 Pyongyang Loop,47753,Turkey
510,VERNON,CHAPA,Denizli,698 Jelets Boulevard,2596,Turkey
511,EDGAR,RHOADS,Eskisehir,1269 Ipoh Avenue,54674,Turkey
512,COREY,HAUSER,Gaziantep,984 Novoterkassk Loop,28165,Turkey
513,BILLIE,HORTON,Inegl,457 Tongliao Loop,56254,Turkey
514,LESLIE,GORDON,Kilis,374 Bat Yam Boulevard,97700,Turkey
515,SHEILA,WELLS,Ktahya,848 Tafuna Manor,45142,Turkey
516,KAREN,JACKSON,Osmaniye,270 Amroha Parkway,29610,Turkey
517,GABRIEL,HARDER,Sivas,680 A Corua (La Corua) Manor,49806,Turkey
518,BRENT,HARKINS,Sultanbeyli,319 Plock Parkway,26101,Turkey
519,JOANN,GARDNER,Tarsus,842 Salzburg Lane,3313,Turkey
520,CASEY,MENA,Tokat,539 Hami Way,52196,Turkey
521,ROSEMARY,SCHMIDT,Usak,1215 Pyongyang Parkway,25238,Turkey
522,JEANNE,LAWSON,Ashgabat,387 Mwene-Ditu Drive,8073,Turkmenistan
523,DAWN,SULLIVAN,Funafuti,454 Nakhon Sawan Boulevard,76383,Tuvalu
524,TODD,TAN,Kamjanets-Podilskyi,1793 Meixian Place,33535,Ukraine
525,JULIO,NOLAND,Konotop,182 Nukualofa Drive,15414,Ukraine
526,MONICA,HICKS,Mukateve,1752 So Leopoldo Parkway,14014,Ukraine
527,PEDRO,CHESTNUT,ostka,421 Yaound Street,11363,Ukraine
528,KATHRYN,COLEMAN,Simferopol,927 Baha Blanca Parkway,9495,Ukraine
529,BRITTANY,RILEY,Sumy,140 Chiayi Parkway,38982,Ukraine
530,TOM,MILNER,Abu Dhabi,535 Ahmadnagar Manor,41136,United Arab Emirates
531,LILLIAN,GRIFFIN,al-Ayn,669 Firozabad Loop,92265,United Arab Emirates
532,MISTY,LAMBERT,Sharja,1192 Tongliao Street,19065,United Arab Emirates
533,ANNE,POWELL,Bradford,1557 Ktahya Boulevard,88002,United Kingdom
534,APRIL,BURNS,Dundee,483 Ljubertsy Parkway,60562,United Kingdom
535,MATTIE,HOFFMAN,London,1497 Yuzhou Drive,3433,United Kingdom
536,CECIL,VINES,London,548 Uruapan Street,35653,United Kingdom
537,MARSHALL,THORN,Southampton,1584 Ljubertsy Lane,22954,United Kingdom
538,SANDRA,MARTIN,Southend-on-Sea,360 Toulouse Parkway,54308,United Kingdom
539,ARMANDO,GRUBER,Southport,869 Shikarpur Way,57380,United Kingdom
540,DAN,PAINE,Stockport,808 Naala-Porto Parkway,41060,United Kingdom
541,GILBERT,SLEDGE,York,1515 Korla Way,57197,United Kingdom
542,ZACHARY,HITE,Akron,98 Pyongyang Boulevard,88749,United States
543,RICHARD,MCCRARY,Arlington,913 Coacalco de Berriozbal Loop,42141,United States
544,DIANA,ALEXANDER,Augusta-Richmond County,1308 Arecibo Way,30695,United States
545,SCOTT,SHELLEY,Aurora,587 Benguela Manor,91590,United States
546,CLINTON,BUFORD,Aurora,43 Vilnius Manor,79814,United States
547,WILMA,RICHARDS,Bellevue,660 Jedda Boulevard,25053,United States
548,VALERIE,BLACK,Brockton,782 Mosul Street,25545,United States
549,KARL,SEAL,Cape Coral,1427 Tabuk Place,31342,United States
550,BETTY,WHITE,Citrus Heights,770 Bydgoszcz Avenue,16266,United States
551,EVA,RAMOS,Clarksville,1666 Beni-Mellal Place,13377,United States
552,RENEE,LANE,Compton,533 al-Ayn Boulevard,8862,United States
553,BRYAN,HARDISON,Dallas,530 Lausanne Lane,11067,United States
554,SHELLY,WATTS,Dayton,32 Pudukkottai Lane,38834,United States
555,JACOB,LANCE,El Monte,1866 al-Qatif Avenue,89420,United States
556,ALICE,STEWART,Fontana,1135 Izumisano Parkway,48150,United States
557,RENE,MCALISTER,Garden Grove,1895 Zhezqazghan Drive,36693,United States
558,IAN,STILL,Garland,1894 Boa Vista Way,77464,United States
559,KIM,CRUZ,Grand Prairie,333 Goinia Way,78625,United States
560,VERONICA,STONE,Greensboro,369 Papeete Way,66639,United States
561,NATHANIEL,ADAM,Joliet,786 Matsue Way,37469,United States
562,THOMAS,GRIGSBY,Kansas City,1191 Sungai Petani Boulevard,9668,United States
563,ROSA,REYNOLDS,Lancaster,793 Cam Ranh Avenue,87057,United States
564,JENNIFER,DAVIS,Laredo,1795 Santiago de Compostela Way,18743,United States
565,ASHLEY,RICHARDSON,Lincoln,1214 Hanoi Way,67055,United States
566,VICTOR,BARKLEY,Manchester,401 Sucre Boulevard,25007,United States
567,ANA,BRADLEY,Memphis,682 Garden Grove Place,67497,United States
568,CAROLE,BARNETT,Peoria,1980 Kamjanets-Podilskyi Street,89502,United States
569,TONI,HOLT,Roanoke,1936 Cuman Avenue,61195,United States
570,BILL,GAVIN,Rockford,1485 Bratislava Place,83183,United States
571,JOAN,COOPER,Saint Louis,1717 Guadalajara Lane,85505,United States
572,CASSANDRA,WALTERS,Salinas,920 Kumbakonam Loop,75090,United States
573,PATRICIA,JOHNSON,San Bernardino,1121 Loja Avenue,17886,United States
574,JAMIE,RICE,Sterling Heights,879 Newcastle Way,90732,United States
575,KRISTIN,JOHNSTON,Sunnyvale,226 Brest Manor,2299,United States
576,CAROLINE,BOWMAN,Tallahassee,1309 Weifang Street,57338,United States
577,BRANDY,GRAVES,Warren,1944 Bamenda Way,24645,United States
578,ALBERTO,HENNING,Barcelona,502 Mandi Bahauddin Parkway,15992,Venezuela
579,CARMEN,OWENS,Caracas,1378 Alvorada Avenue,75834,Venezuela
580,CINDY,FISHER,Cuman,1079 Tel Aviv-Jaffa Boulevard,10885,Venezuela
581,CALVIN,MARTEL,Maracabo,138 Caracas Boulevard,16790,Venezuela
582,YVONNE,WATKINS,Ocumare del Tuy,1848 Salala Boulevard,25220,Venezuela
583,MATHEW,BOLIN,Valencia,163 Augusta-Richmond County Loop,33030,Venezuela
584,KRISTINA,CHAMBERS,Valle de la Pascua,544 Tarsus Boulevard,53145,Venezuela
585,NEIL,RENNER,Cam Ranh,1817 Livorno Way,79401,Vietnam
586,BETH,FRANKLIN,Haiphong,1149 A Corua (La Corua) Boulevard,95824,Vietnam
587,PATRICK,NEWSOM,Hanoi,68 Ponce Parkway,85926,Vietnam
588,GREG,ROBINS,Nam Dinh,1786 Salinas Place,66546,Vietnam
589,MITCHELL,WESTMORELAND,Nha Trang,617 Klerksdorp Place,94707,Vietnam
590,HARVEY,GUAJARDO,Vinh,600 Purnea (Purnia) Avenue,18043,Vietnam
591,NATHAN,RUNYON,Charlotte Amalie,264 Bhimavaram Manor,54749,"Virgin Islands, U.S."
592,ELLA,OLIVER,Aden,751 Lima Loop,99405,Yemen
593,GORDON,ALLARD,Hodeida,434 Ourense (Orense) Manor,14122,Yemen
594,WILLIAM,SATTERFIELD,Sanaa,687 Alessandria Parkway,57587,Yemen
595,GINA,WILLIAMSON,Taizz,1001 Miyakonojo Lane,67924,Yemen
596,MARIA,MILLER,Kragujevac,900 Santiago de Compostela Parkway,93896,Yugoslavia
597,MAX,PITT,Novi Sad,1917 Kumbakonam Parkway,11892,Yugoslavia
598,BARRY,LOVELACE,Kitwe,1836 Korla Parkway,55405,Zambia
