,title,name
0,AMADEUS HOLY,Action
1,AMERICAN CIRCUS,Action
2,ANTITRUST TOMATOES,Action
3,ARK RIDGEMONT,Action
4,BAREFOOT MANCHURIAN,Action
5,BERETS AGENT,Action
6,BRIDE INTRIGUE,Action
7,BULL SHAWSHANK,Action
8,CADDYSHACK JEDI,Action
9,CAMPUS REMEMBER,Action
10,CASUALTIES ENCINO,Action
11,CELEBRITY HORN,Action
12,CLUELESS BUCKET,Action
13,CROW GREASE,Action
14,DANCES NONE,Action
15,DARKO DORADO,Action
16,DARN FORRESTER,Action
17,DEVIL DESIRE,Action
18,DRAGON SQUAD,Action
19,DREAM PICKUP,Action
20,DRIFTER COMMANDMENTS,Action
21,EASY GLADIATOR,Action
22,ENTRAPMENT SATISFACTION,Action
23,EXCITEMENT EVE,Action
24,FANTASY TROOPERS,Action
25,FIREHOUSE VIETNAM,Action
26,FOOL MOCKINGBIRD,Action
27,FORREST SONS,Action
28,GLASS DYING,Action
29,GOSFORD DONNIE,Action
30,GRAIL FRANKENSTEIN,Action
31,HANDICAP BOONDOCK,Action
32,HILLS NEIGHBORS,Action
33,KISSING DOLLS,Action
34,LAWRENCE LOVE,Action
35,LORD ARIZONA,Action
36,LUST LOCK,Action
37,MAGNOLIA FORRESTER,Action
38,MIDNIGHT WESTWARD,Action
39,MINDS TRUMAN,Action
40,MOCKINGBIRD HOLLYWOOD,Action
41,MONTEZUMA COMMAND,Action
42,PARK CITIZEN,Action
43,PATRIOT ROMAN,Action
44,PRIMARY GLASS,Action
45,QUEST MUSSOLINI,Action
46,REAR TRADING,Action
47,RINGS HEARTBREAKERS,Action
48,RUGRATS SHAKESPEARE,Action
49,SHRUNK DIVINE,Action
50,SIDE ARK,Action
51,SKY MIRACLE,Action
52,SOUTH WAIT,Action
53,SPEAKEASY DATE,Action
54,STAGECOACH ARMAGEDDON,Action
55,STORY SIDE,Action
56,SUSPECTS QUILLS,Action
57,TRIP NEWTON,Action
58,TRUMAN CRAZY,Action
59,UPRISING UPTOWN,Action
60,WATERFRONT DELIVERANCE,Action
61,WEREWOLF LOLA,Action
62,WOMEN DORADO,Action
63,WORST BANGER,Action
64,ALTER VICTORY,Animation
65,ANACONDA CONFESSIONS,Animation
66,ARGONAUTS TOWN,Animation
67,BIKINI BORROWERS,Animation
68,BLACKOUT PRIVATE,Animation
69,BORROWERS BEDAZZLED,Animation
70,CANYON STOCK,Animation
71,CAROL TEXAS,Animation
72,CHAMPION FLATLINERS,Animation
73,CLASH FREDDY,Animation
74,CLUB GRAFFITI,Animation
75,CROSSROADS CASUALTIES,Animation
76,DARES PLUTO,Animation
77,DESIRE ALIEN,Animation
78,DOGMA FAMILY,Animation
79,DONNIE ALLEY,Animation
80,DOORS PRESIDENT,Animation
81,DOUBLE WRATH,Animation
82,DUCK RACER,Animation
83,EARLY HOME,Animation
84,FALCON VOLUME,Animation
85,FIGHT JAWBREAKER,Animation
86,FLOATS GARDEN,Animation
87,FLYING HOOK,Animation
88,FORRESTER COMANCHEROS,Animation
89,GANGS PRIDE,Animation
90,GHOSTBUSTERS ELF,Animation
91,HARPER DYING,Animation
92,HOOK CHARIOTS,Animation
93,HORN WORKING,Animation
94,INCH JET,Animation
95,INSECTS STONE,Animation
96,INTENTIONS EMPIRE,Animation
97,ISHTAR ROCKETEER,Animation
98,JUGGLER HARDLY,Animation
99,LAWLESS VISION,Animation
100,LUKE MUMMY,Animation
101,MASSAGE IMAGE,Animation
102,MENAGERIE RUSHMORE,Animation
103,MIRACLE VIRTUAL,Animation
104,MISSION ZOOLANDER,Animation
105,NASH CHOCOLAT,Animation
106,OSCAR GOLD,Animation
107,OZ LIAISONS,Animation
108,PACKER MADIGAN,Animation
109,POND SEATTLE,Animation
110,POTLUCK MIXED,Animation
111,POTTER CONNECTICUT,Animation
112,PRIDE ALAMO,Animation
113,PUNK DIVORCE,Animation
114,ROOM ROMAN,Animation
115,SLEEPLESS MONSOON,Animation
116,SNOWMAN ROLLERCOASTER,Animation
117,SONS INTERVIEW,Animation
118,STORM HAPPINESS,Animation
119,SUGAR WONKA,Animation
120,SUNRISE LEAGUE,Animation
121,TELEMARK HEARTBREAKERS,Animation
122,THEORY MERMAID,Animation
123,THIEF PELICAN,Animation
124,TITANIC BOONDOCK,Animation
125,TRACY CIDER,Animation
126,TURN STAR,Animation
127,WAIT CIDER,Animation
128,WATCH TRACY,Animation
129,WONKA SEA,Animation
130,BACKLASH UNDEFEATED,Children
131,BEAR GRACELAND,Children
132,BENEATH RUSH,Children
133,BETRAYED REAR,Children
134,CABIN FLASH,Children
135,CASPER DRAGONFLY,Children
136,CHRISTMAS MOONSHINE,Children
137,CIRCUS YOUTH,Children
138,CLOCKWORK PARADISE,Children
139,COMANCHEROS ENEMY,Children
140,CROOKED FROGMEN,Children
141,DAUGHTER MADIGAN,Children
142,DOCTOR GRAIL,Children
143,EMPIRE MALKOVICH,Children
144,FARGO GANDHI,Children
145,FOREVER CANDIDATE,Children
146,FULL FLATLINERS,Children
147,FURY MURDER,Children
148,GHOST GROUNDHOG,Children
149,GIANT TROOPERS,Children
150,GORGEOUS BINGO,Children
151,GRADUATE LORD,Children
152,HALL CASSIDY,Children
153,HEARTBREAKERS BRIGHT,Children
154,HOLLYWOOD ANONYMOUS,Children
155,HOLOCAUST HIGHBALL,Children
156,IDOLS SNATCHERS,Children
157,INVASION CYCLONE,Children
158,JERSEY SASSY,Children
159,JUMPING WRATH,Children
160,LABYRINTH LEAGUE,Children
161,LANGUAGE COWBOY,Children
162,LEGALLY SECRETARY,Children
163,MAGIC MALLRATS,Children
164,MAKER GABLES,Children
165,MICROCOSMOS PARADISE,Children
166,MODEL FISH,Children
167,MURDER ANTITRUST,Children
168,NOON PAPI,Children
169,POLISH BROOKLYN,Children
170,ROBBERS JOON,Children
171,SABRINA MIDNIGHT,Children
172,SANTA PARIS,Children
173,SCARFACE BANG,Children
174,SHEPHERD MIDSUMMER,Children
175,SISTER FREDDY,Children
176,SPLENDOR PATTON,Children
177,STRANGELOVE DESIRE,Children
178,STRANGER STRANGERS,Children
179,SUNDANCE INVASION,Children
180,SWEETHEARTS SUSPECTS,Children
181,TEQUILA PAST,Children
182,TIES HUNGER,Children
183,TOOTSIE PILOT,Children
184,TWISTED PIRATES,Children
185,UPTOWN YOUNG,Children
186,WALLS ARTIST,Children
187,WARLOCK WEREWOLF,Children
188,WRONG BEHAVIOR,Children
189,ZOOLANDER FICTION,Children
190,ALICE FANTASIA,Classics
191,ARIZONA BANG,Classics
192,BEAST HUNCHBACK,Classics
193,BOUND CHEAPER,Classics
194,CANDIDATE PERDITION,Classics
195,CENTER DINOSAUR,Classics
196,COLOR PHILADELPHIA,Classics
197,CONSPIRACY SPIRIT,Classics
198,CORE SUIT,Classics
199,CREEPERS KANE,Classics
200,CRUELTY UNFORGIVEN,Classics
201,DETECTIVE VISION,Classics
202,DRACULA CRYSTAL,Classics
203,DYNAMITE TARZAN,Classics
204,EXTRAORDINARY CONQUERER,Classics
205,FROST HEAD,Classics
206,GALAXY SWEETHEARTS,Classics
207,GILBERT PELICAN,Classics
208,GILMORE BOILED,Classics
209,HOLY TADPOLE,Classics
210,HOPE TOOTSIE,Classics
211,HYDE DOCTOR,Classics
212,IRON MOON,Classics
213,ISLAND EXORCIST,Classics
214,JEEPERS WEDDING,Classics
215,JEOPARDY ENCINO,Classics
216,JERK PAYCHECK,Classics
217,JINGLE SAGEBRUSH,Classics
218,LEAGUE HELLFIGHTERS,Classics
219,LIGHTS DEER,Classics
220,LOATHING LEGALLY,Classics
221,LOVELY JINGLE,Classics
222,LOVER TRUMAN,Classics
223,MAGNIFICENT CHITTY,Classics
224,MALKOVICH PET,Classics
225,MILLION ACE,Classics
226,MUSKETEERS WAIT,Classics
227,OCTOBER SUBMARINE,Classics
228,PAJAMA JAWBREAKER,Classics
229,PATIENT SISTER,Classics
230,PREJUDICE OLEANDER,Classics
231,REQUIEM TYCOON,Classics
232,RIGHT CRANES,Classics
233,ROOTS REMEMBER,Classics
234,SLING LUKE,Classics
235,SNATCHERS MONTEZUMA,Classics
236,SPIKING ELEMENT,Classics
237,STEEL SANTA,Classics
238,SUMMER SCARFACE,Classics
239,TADPOLE PARK,Classics
240,TIMBERLAND SKY,Classics
241,TOMORROW HUSTLER,Classics
242,TOWERS HURRICANE,Classics
243,VOLUME HOUSE,Classics
244,VOYAGE LEGALLY,Classics
245,WASTELAND DIVINE,Classics
246,WESTWARD SEABISCUIT,Classics
247,AIRPLANE SIERRA,Comedy
248,ANTHEM LUKE,Comedy
249,BRINGING HYSTERICAL,Comedy
250,CAPER MOTIONS,Comedy
251,CAT CONEHEADS,Comedy
252,CLOSER BANG,Comedy
253,CONNECTION MICROCOSMOS,Comedy
254,CONTROL ANTHEM,Comedy
255,CRAZY HOME,Comedy
256,DADDY PITTSBURGH,Comedy
257,DOOM DANCING,Comedy
258,DOWNHILL ENOUGH,Comedy
259,DYING MAKER,Comedy
260,ELEMENT FREDDY,Comedy
261,FERRIS MOTHER,Comedy
262,FIREBALL PHILADELPHIA,Comedy
263,FLINTSTONES HAPPINESS,Comedy
264,FRANKENSTEIN STRANGER,Comedy
265,FREEDOM CLEOPATRA,Comedy
266,GOLD RIVER,Comedy
267,GROUNDHOG UNCUT,Comedy
268,GUNFIGHT MOON,Comedy
269,HATE HANDICAP,Comedy
270,HEAVEN FREEDOM,Comedy
271,HEDWIG ALTER,Comedy
272,HURRICANE AFFAIR,Comedy
273,HUSTLER PARTY,Comedy
274,JAWS HARRY,Comedy
275,KNOCK WARLOCK,Comedy
276,LIFE TWISTED,Comedy
277,LION UNCUT,Comedy
278,LONELY ELEPHANT,Comedy
279,MALLRATS UNITED,Comedy
280,MEMENTO ZOOLANDER,Comedy
281,MULAN MOON,Comedy
282,MYSTIC TRUMAN,Comedy
283,OPERATION OPERATION,Comedy
284,PARADISE SABRINA,Comedy
285,PARTY KNOCK,Comedy
286,PERFECT GROOVE,Comedy
287,PINOCCHIO SIMON,Comedy
288,PURE RUNNER,Comedy
289,RUSHMORE MERMAID,Comedy
290,SADDLE ANTITRUST,Comedy
291,SATURN NAME,Comedy
292,SEARCHERS WAIT,Comedy
293,SNATCH SLIPPER,Comedy
294,STAGE WORLD,Comedy
295,STRICTLY SCARFACE,Comedy
296,SUBMARINE BED,Comedy
297,SWEDEN SHINING,Comedy
298,TRAINSPOTTING STRANGERS,Comedy
299,TRAMP OTHERS,Comedy
300,VALLEY PACKER,Comedy
301,VELVET TERMINATOR,Comedy
302,VERTIGO NORTHWEST,Comedy
303,WISDOM WORKER,Comedy
304,ZORRO ARK,Comedy
305,ACADEMY DINOSAUR,Documentary
306,ADAPTATION HOLES,Documentary
307,ARMY FLINTSTONES,Documentary
308,BEACH HEARTBREAKERS,Documentary
309,BED HIGHBALL,Documentary
310,BILL OTHERS,Documentary
311,BONNIE HOLOCAUST,Documentary
312,BROTHERHOOD BLANKET,Documentary
313,CAUSE DATE,Documentary
314,CHICKEN HELLFIGHTERS,Documentary
315,CIDER DESIRE,Documentary
316,CLERKS ANGELS,Documentary
317,COAST RAINBOW,Documentary
318,CUPBOARD SINNERS,Documentary
319,DANCING FEVER,Documentary
320,DEEP CRUSADE,Documentary
321,DELIVERANCE MULHOLLAND,Documentary
322,DOZEN LION,Documentary
323,DUFFEL APOCALYPSE,Documentary
324,EGG IGBY,Documentary
325,EXPENDABLE STALLION,Documentary
326,FRENCH HOLIDAY,Documentary
327,HALLOWEEN NUTS,Documentary
328,HARDLY ROBBERS,Documentary
329,HAWK CHILL,Documentary
330,HEAVYWEIGHTS BEAST,Documentary
331,HOMEWARD CIDER,Documentary
332,HUNTER ALTER,Documentary
333,INDEPENDENCE HOTEL,Documentary
334,INTOLERABLE INTENTIONS,Documentary
335,KILL BROTHERHOOD,Documentary
336,MADISON TRAP,Documentary
337,MAJESTIC FLOATS,Documentary
338,METAL ARMAGEDDON,Documentary
339,MIDSUMMER GROUNDHOG,Documentary
340,MIGHTY LUCK,Documentary
341,MOD SECRETARY,Documentary
342,MODERN DORADO,Documentary
343,NATIONAL STORY,Documentary
344,NEWSIES STORY,Documentary
345,NORTH TEQUILA,Documentary
346,NOTORIOUS REUNION,Documentary
347,PACIFIC AMISTAD,Documentary
348,PELICAN COMFORTS,Documentary
349,POCUS PULP,Documentary
350,PRINCESS GIANT,Documentary
351,QUILLS BULL,Documentary
352,RAIDERS ANTITRUST,Documentary
353,RAINBOW SHOCK,Documentary
354,ROAD ROXANNE,Documentary
355,SAGEBRUSH CLUELESS,Documentary
356,SECRET GROUNDHOG,Documentary
357,SHIP WONDERLAND,Documentary
358,SHOW LORD,Documentary
359,SMOKING BARBARELLA,Documentary
360,SPOILERS HELLFIGHTERS,Documentary
361,STREAK RIDGEMONT,Documentary
362,THIN SAGEBRUSH,Documentary
363,UNITED PILOT,Documentary
364,UNTOUCHABLES SUNRISE,Documentary
365,VILLAIN DESPERATE,Documentary
366,VIRGINIAN PLUTO,Documentary
367,WAGON JAWS,Documentary
368,WARS PLUTO,Documentary
369,WEDDING APOLLO,Documentary
370,WIFE TURN,Documentary
371,WRATH MILE,Documentary
372,YOUNG LANGUAGE,Documentary
373,APOLLO TEEN,Drama
374,BEAUTY GREASE,Drama
375,BEETHOVEN EXORCIST,Drama
376,BLADE POLISH,Drama
377,BRIGHT ENCOUNTERS,Drama
378,BUNCH MINDS,Drama
379,CHILL LUCK,Drama
380,CHITTY LOCK,Drama
381,CONEHEADS SMOOCHY,Drama
382,CONFESSIONS MAGUIRE,Drama
383,CONQUERER NUTS,Drama
384,CRAFT OUTFIELD,Drama
385,DALMATIONS SWEDEN,Drama
386,DARKNESS WAR,Drama
387,DECEIVER BETRAYED,Drama
388,DESTINATION JERK,Drama
389,DIARY PANIC,Drama
390,EDGE KISSING,Drama
391,ENCOUNTERS CURTAIN,Drama
392,GOLDFINGER SENSIBILITY,Drama
393,GONE TROUBLE,Drama
394,GREEDY ROOTS,Drama
395,HANGING DEEP,Drama
396,HAROLD FRENCH,Drama
397,HARRY IDAHO,Drama
398,HOBBIT ALIEN,Drama
399,HUNCHBACK IMPOSSIBLE,Drama
400,JACKET FRISCO,Drama
401,KWAI HOMEWARD,Drama
402,LEBOWSKI SOLDIERS,Drama
403,LIES TREATMENT,Drama
404,LUCK OPUS,Drama
405,MOB DUFFEL,Drama
406,NECKLACE OUTBREAK,Drama
407,NOTTING SPEAKEASY,Drama
408,ORIENT CLOSER,Drama
409,PATHS CONTROL,Drama
410,PAYCHECK WAIT,Drama
411,PITY BOUND,Drama
412,QUEEN LUKE,Drama
413,RACER EGG,Drama
414,REUNION WITCHES,Drama
415,ROCKY WAR,Drama
416,SAINTS BRIDE,Drama
417,SAVANNAH TOWN,Drama
418,SCORPION APOLLO,Drama
419,SEA VIRGIN,Drama
420,SEATTLE EXPECATIONS,Drama
421,SHOOTIST SUPERFLY,Drama
422,SLACKER LIAISONS,Drama
423,SOMETHING DUCK,Drama
424,SPICE SORORITY,Drama
425,TENENBAUMS COMMAND,Drama
426,TORQUE BOUND,Drama
427,TRANSLATION SUMMER,Drama
428,TREATMENT JEKYLL,Drama
429,UNFAITHFUL KILL,Drama
430,VIETNAM SMOOCHY,Drama
431,VIRGIN DAISY,Drama
432,WARDROBE PHANTOM,Drama
433,WEST LION,Drama
434,WITCHES PANIC,Drama
435,AFRICAN EGG,Family
436,APACHE DIVINE,Family
437,ATLANTIS CAUSE,Family
438,BAKED CLEOPATRA,Family
439,BANG KWAI,Family
440,BEDAZZLED MARRIED,Family
441,BILKO ANONYMOUS,Family
442,BLANKET BEVERLY,Family
443,BLOOD ARGONAUTS,Family
444,BLUES INSTINCT,Family
445,BRAVEHEART HUMAN,Family
446,CHASING FIGHT,Family
447,CHISUM BEHAVIOR,Family
448,CHOCOLAT HARRY,Family
449,CONFUSED CANDLES,Family
450,CONVERSATION DOWNHILL,Family
451,DATE SPEED,Family
452,DINOSAUR SECRETARY,Family
453,DUMBO LUST,Family
454,EARRING INSTINCT,Family
455,EFFECT GLADIATOR,Family
456,FEUD FROGMEN,Family
457,FINDING ANACONDA,Family
458,GABLES METROPOLIS,Family
459,GANDHI KWAI,Family
460,GLADIATOR WESTWARD,Family
461,GREASE YOUTH,Family
462,HALF OUTFIELD,Family
463,HOCUS FRIDA,Family
464,HOMICIDE PEACH,Family
465,HOUSE DYNAMITE,Family
466,HUNTING MUSKETEERS,Family
467,INDIAN LOVE,Family
468,JASON TRAP,Family
469,JEDI BENEATH,Family
470,KILLER INNOCENT,Family
471,KING EVOLUTION,Family
472,LOLITA WORLD,Family
473,LOUISIANA HARRY,Family
474,MAGUIRE APACHE,Family
475,MANCHURIAN CURTAIN,Family
476,MOVIE SHAKESPEARE,Family
477,MUSIC BOONDOCK,Family
478,NATURAL STOCK,Family
479,NETWORK PEAK,Family
480,ODDS BOOGIE,Family
481,OPPOSITE NECKLACE,Family
482,PILOT HOOSIERS,Family
483,PITTSBURGH HUNCHBACK,Family
484,PRESIDENT BANG,Family
485,PRIX UNDEFEATED,Family
486,RAGE GAMES,Family
487,RANGE MOONWALKER,Family
488,REMEMBER DIARY,Family
489,RESURRECTION SILVERADO,Family
490,ROBBERY BRIGHT,Family
491,RUSH GOODFELLAS,Family
492,SECRETS PARADISE,Family
493,SENSIBILITY REAR,Family
494,SIEGE MADRE,Family
495,SLUMS DUCK,Family
496,SOUP WISDOM,Family
497,SPARTACUS CHEAPER,Family
498,SPINAL ROCKY,Family
499,SPLASH GUMP,Family
500,SUNSET RACER,Family
501,SUPER WYOMING,Family
502,VIRTUAL SPOILERS,Family
503,WILLOW TRACY,Family
504,AGENT TRUMAN,Foreign
505,ALAMO VIDEOTAPE,Foreign
506,ALIEN CENTER,Foreign
507,ALLEY EVOLUTION,Foreign
508,BABY HALL,Foreign
509,BALLROOM MOCKINGBIRD,Foreign
510,BROOKLYN DESERT,Foreign
511,BUGSY SONG,Foreign
512,CALENDAR GUNFIGHT,Foreign
513,CATCH AMISTAD,Foreign
514,CHOCOLATE DUCK,Foreign
515,COMMAND DARLING,Foreign
516,COWBOY DOOM,Foreign
517,CROSSING DIVORCE,Foreign
518,CRYSTAL BREAKING,Foreign
519,CYCLONE FAMILY,Foreign
520,DANGEROUS UPTOWN,Foreign
521,DOUBTFIRE LABYRINTH,Foreign
522,EVERYONE CRAFT,Foreign
523,FICTION CHRISTMAS,Foreign
524,FRIDA SLIPPER,Foreign
525,GENTLEMEN STAGE,Foreign
526,GRAPES FURY,Foreign
527,GREEK EVERYONE,Foreign
528,HAPPINESS UNITED,Foreign
529,HELLFIGHTERS SIERRA,Foreign
530,HIGHBALL POTTER,Foreign
531,HOLIDAY GAMES,Foreign
532,HOOSIERS BIRDCAGE,Foreign
533,HOTEL HAPPINESS,Foreign
534,HUNGER ROOF,Foreign
535,ILLUSION AMELIE,Foreign
536,IMPOSSIBLE PREJUDICE,Foreign
537,INFORMER DOUBLE,Foreign
538,INNOCENT USUAL,Foreign
539,INTRIGUE WORST,Foreign
540,JET NEIGHBORS,Foreign
541,KANE EXORCIST,Foreign
542,KISS GLORY,Foreign
543,LOSE INCH,Foreign
544,LOST BIRD,Foreign
545,MADNESS ATTACKS,Foreign
546,MATRIX SNOWMAN,Foreign
547,MAUDE MOD,Foreign
548,MEET CHOCOLATE,Foreign
549,MIXED DOORS,Foreign
550,MOON BUNCH,Foreign
551,MULHOLLAND BEAST,Foreign
552,MUPPET MILE,Foreign
553,NEWTON LABYRINTH,Foreign
554,OPUS ICE,Foreign
555,ORANGE GRAPES,Foreign
556,PAST SUICIDES,Foreign
557,PEARL DESTINY,Foreign
558,PET HAUNTING,Foreign
559,POLLOCK DELIVERANCE,Foreign
560,PURPLE MOVIE,Foreign
561,RESERVOIR ADAPTATION,Foreign
562,ROCKETEER MOTHER,Foreign
563,SCHOOL JACKET,Foreign
564,SCISSORHANDS SLUMS,Foreign
565,SHOCK CABIN,Foreign
566,SHREK LICENSE,Foreign
567,SORORITY QUEEN,Foreign
568,STEPMOM DREAM,Foreign
569,TOWN ARK,Foreign
570,TRAP GUYS,Foreign
571,USUAL UNTOUCHABLES,Foreign
572,VISION TORQUE,Foreign
573,WAR NOTTING,Foreign
574,WASH HEAVENLY,Foreign
575,WHALE BIKINI,Foreign
576,WONDERFUL DROP,Foreign
577,AUTUMN CROW,Games
578,BULWORTH COMMANDMENTS,Games
579,CANDLES GRAPES,Games
580,CHICAGO NORTH,Games
581,CREATURES SHAKESPEARE,Games
582,CURTAIN VIDEOTAPE,Games
583,DARLING BREAKING,Games
584,DAWN POND,Games
585,DAZED PUNK,Games
586,DETAILS PACKER,Games
587,DIRTY ACE,Games
588,DIVINE RESURRECTION,Games
589,DWARFS ALTER,Games
590,ENCINO ELF,Games
591,FANTASIA PARK,Games
592,FEATHERS METAL,Games
593,FEVER EMPIRE,Games
594,FIRE WOLVES,Games
595,FORWARD TEMPLE,Games
596,GATHERING CALENDAR,Games
597,GLORY TRACY,Games
598,GRINCH MASSAGE,Games
599,GRIT CLOCKWORK,Games
600,GUN BONNIE,Games
601,HAUNTING PIANIST,Games
602,HEAD STRANGER,Games
603,HUMAN GRAFFITI,Games
604,ICE CROSSING,Games
605,JERICHO MULAN,Games
606,LADYBUGS ARMAGEDDON,Games
607,LAMBS CINCINATTI,Games
608,MADRE GABLES,Games
609,MALTESE HOPE,Games
610,MARS ROMAN,Games
611,MASSACRE USUAL,Games
612,MONSOON CAUSE,Games
613,MOONSHINE CABIN,Games
614,MOONWALKER FOOL,Games
615,NAME DETECTIVE,Games
616,NIGHTMARE CHILL,Games
617,OUTBREAK DIVINE,Games
618,PANKY SUBMARINE,Games
619,PIZZA JUMANJI,Games
620,PRIVATE DROP,Games
621,PSYCHO SHRUNK,Games
622,ROOF CHAMPION,Games
623,ROUGE SQUAD,Games
624,ROXANNE REBEL,Games
625,SASSY PACKER,Games
626,SEVEN SWARM,Games
627,SLEUTH ORIENT,Games
628,SPY MILE,Games
629,STAMPEDE DISTURBING,Games
630,STATE WASTELAND,Games
631,SUIT WALLS,Games
632,TYCOON GATHERING,Games
633,VANILLA DAY,Games
634,VIDEOTAPE ARSENIC,Games
635,VOLCANO TEXAS,Games
636,WANDA CHAMBER,Games
637,WIND PHANTOM,Games
638,ACE GOLDFINGER,Horror
639,AFFAIR PREJUDICE,Horror
640,AIRPORT POLLOCK,Horror
641,ALABAMA DEVIL,Horror
642,ALI FOREVER,Horror
643,ANALYZE HOOSIERS,Horror
644,ANYTHING SAVANNAH,Horror
645,ARABIA DOGMA,Horror
646,ARACHNOPHOBIA ROLLERCOASTER,Horror
647,BEHAVIOR RUNAWAY,Horror
648,BOWFINGER GABLES,Horror
649,CARRIE BUNCH,Horror
650,COMMANDMENTS EXPRESS,Horror
651,DESERT POSEIDON,Horror
652,DRUMS DYNAMITE,Horror
653,EGYPT TENENBAUMS,Horror
654,ELEPHANT TROJAN,Horror
655,FAMILY SWEET,Horror
656,FIDELITY DEVIL,Horror
657,FREDDY STORM,Horror
658,GASLIGHT CRUSADE,Horror
659,HIGH ENCINO,Horror
660,JAPANESE RUN,Horror
661,KARATE MOON,Horror
662,KENTUCKIAN GIANT,Horror
663,LADY STAGE,Horror
664,LOLA AGENT,Horror
665,LOVE SUICIDES,Horror
666,MONTEREY LABYRINTH,Horror
667,MOTIONS DETAILS,Horror
668,PANIC CLUB,Horror
669,PARIS WEEKEND,Horror
670,PATTON INTERVIEW,Horror
671,PULP BEVERLY,Horror
672,REAP UNFAITHFUL,Horror
673,REEF SALUTE,Horror
674,ROCK INSTINCT,Horror
675,ROLLERCOASTER BRINGING,Horror
676,RULES HUMAN,Horror
677,SIMON NORTH,Horror
678,SINNERS ATLANTIS,Horror
679,SLEEPING SUSPECTS,Horror
680,SPIRIT FLINTSTONES,Horror
681,STRANGERS GRAFFITI,Horror
682,STREETCAR INTENTIONS,Horror
683,SWARM GOLD,Horror
684,TARZAN VIDEOTAPE,Horror
685,TEMPLE ATTRACTION,Horror
686,TEXAS WATCH,Horror
687,TRAIN BUNCH,Horror
688,TREASURE COMMAND,Horror
689,UNDEFEATED DALMATIONS,Horror
690,WATERSHIP FRONTIER,Horror
691,WORLD LEATHERNECKS,Horror
692,YENTL IDAHO,Horror
693,ZHIVAGO CORE,Horror
694,ALASKA PHANTOM,Music
695,ALONE TRIP,Music
696,AMELIE HELLFIGHTERS,Music
697,BALLOON HOMEWARD,Music
698,BANGER PINOCCHIO,Music
699,BIRCH ANTITRUST,Music
700,BIRDCAGE CASPER,Music
701,BOOGIE AMELIE,Music
702,CHAMBER ITALIAN,Music
703,CLONES PINOCCHIO,Music
704,CLUE GRAIL,Music
705,CONFIDENTIAL INTERVIEW,Music
706,DEER VIRGINIAN,Music
707,DORADO NOTTING,Music
708,DRIVING POLISH,Music
709,ELF MURDER,Music
710,ENEMY ODDS,Music
711,FREAKY POCUS,Music
712,GO PURPLE,Music
713,GREATEST NORTH,Music
714,GROSSE WONDERFUL,Music
715,HANOVER GALAXY,Music
716,HEAVENLY GUN,Music
717,HOME PITY,Music
718,IMPACT ALADDIN,Music
719,INSIDER ARIZONA,Music
720,JAWBREAKER BROOKLYN,Music
721,LEGEND JEDI,Music
722,LUCKY FLYING,Music
723,MASKED BUBBLE,Music
724,MINORITY KISS,Music
725,MONSTER SPARTACUS,Music
726,OLEANDER CLUE,Music
727,OUTFIELD MASSACRE,Music
728,PERSONAL LADYBUGS,Music
729,REBEL AIRPORT,Music
730,REDS POCUS,Music
731,ROMAN PUNK,Music
732,RUNNER MADIGAN,Music
733,SCALAWAG DUCK,Music
734,SILENCE KANE,Music
735,SONG HEDWIG,Music
736,TAXI KICK,Music
737,TELEGRAPH VOYAGE,Music
738,TERMINATOR CLUB,Music
739,UNCUT SUICIDES,Music
740,VANISHING ROCKY,Music
741,WIZARD COLDBLOODED,Music
742,WON DARES,Music
743,WORDS HUNTER,Music
744,YOUTH KICK,Music
745,AMISTAD MIDSUMMER,New
746,ANGELS LIFE,New
747,APOCALYPSE FLAMINGOS,New
748,ATTRACTION NEWTON,New
749,BIRDS PERDITION,New
750,BOULEVARD MOB,New
751,BRANNIGAN SUNRISE,New
752,BREAKFAST GOLDFINGER,New
753,BREAKING HOME,New
754,BUTCH PANTHER,New
755,BUTTERFLY CHOCOLAT,New
756,CHAPLIN LICENSE,New
757,CHINATOWN GLADIATOR,New
758,CLEOPATRA DEVIL,New
759,CLYDE THEORY,New
760,DAY UNFAITHFUL,New
761,DESTINY SATURDAY,New
762,DRAGONFLY STRANGERS,New
763,EAGLES PANKY,New
764,EARTH VISION,New
765,ENDING CROWDS,New
766,EVE RESURRECTION,New
767,FATAL HAUNTED,New
768,FLAMINGOS CONNECTICUT,New
769,FLASH WARS,New
770,FRONTIER CABIN,New
771,GODFATHER DIARY,New
772,HOURS RAGE,New
773,IDAHO LOVE,New
774,INTERVIEW LIAISONS,New
775,JEKYLL FROGMEN,New
776,JUMANJI BLADE,New
777,JUNGLE CLOSER,New
778,LOVERBOY ATTACKS,New
779,MAIDEN HOME,New
780,MANNEQUIN WORST,New
781,MASK PEACH,New
782,MINE TITANS,New
783,MONEY HAROLD,New
784,NUTS TIES,New
785,OKLAHOMA JUMANJI,New
786,PHANTOM GLORY,New
787,PIANIST OUTFIELD,New
788,PLATOON INSTINCT,New
789,PLUTO OLEANDER,New
790,REDEMPTION COMFORTS,New
791,RIDGEMONT SUBMARINE,New
792,RUN PACIFIC,New
793,RUNAWAY TENENBAUMS,New
794,SALUTE APOLLO,New
795,SAMURAI LION,New
796,SLEEPY JAPANESE,New
797,STING PERSONAL,New
798,STOCK GLASS,New
799,TROOPERS METAL,New
800,UNBREAKABLE KARATE,New
801,VAMPIRE WHALE,New
802,VANISHED GARDEN,New
803,VARSITY TRIP,New
804,VOICE PEACH,New
805,WAKE JAWS,New
806,WILD APOLLO,New
807,WYOMING STORM,New
808,ANNIE IDENTITY,Sci-Fi
809,ARMAGEDDON LOST,Sci-Fi
810,ATTACKS HATE,Sci-Fi
811,BADMAN DAWN,Sci-Fi
812,BARBARELLA STREETCAR,Sci-Fi
813,BEVERLY OUTLAW,Sci-Fi
814,BINGO TALENTED,Sci-Fi
815,BLINDNESS GUN,Sci-Fi
816,CAMELOT VACATION,Sci-Fi
817,CHAINSAW UPTOWN,Sci-Fi
818,CHARADE DUFFEL,Sci-Fi
819,CHARIOTS CONSPIRACY,Sci-Fi
820,CHEAPER CLYDE,Sci-Fi
821,CINCINATTI WHISPERER,Sci-Fi
822,CITIZEN SHREK,Sci-Fi
823,COLDBLOODED DARLING,Sci-Fi
824,CONNECTICUT TRAMP,Sci-Fi
825,CROWDS TELEMARK,Sci-Fi
826,DAISY MENAGERIE,Sci-Fi
827,DISTURBING SCARFACE,Sci-Fi
828,DIVIDE MONSTER,Sci-Fi
829,DOLLS RAGE,Sci-Fi
830,ENGLISH BULWORTH,Sci-Fi
831,EXPRESS LONELY,Sci-Fi
832,EYES DRIVING,Sci-Fi
833,FIDDLER LOST,Sci-Fi
834,FISH OPUS,Sci-Fi
835,FRISCO FORREST,Sci-Fi
836,GARDEN ISLAND,Sci-Fi
837,GOLDMINE TYCOON,Sci-Fi
838,GOODFELLAS SALUTE,Sci-Fi
839,GRAFFITI LOVE,Sci-Fi
840,GUYS FALCON,Sci-Fi
841,HAMLET WISDOM,Sci-Fi
842,HANKY OCTOBER,Sci-Fi
843,HOLLOW JEOPARDY,Sci-Fi
844,IDENTITY LOVER,Sci-Fi
845,LICENSE WEEKEND,Sci-Fi
846,MARRIED GO,Sci-Fi
847,METROPOLIS COMA,Sci-Fi
848,MOURNING PURPLE,Sci-Fi
849,NEMO CAMPUS,Sci-Fi
850,NONE SPIKING,Sci-Fi
851,OPEN AFRICAN,Sci-Fi
852,PANTHER REDS,Sci-Fi
853,RAGING AIRPLANE,Sci-Fi
854,RANDOM GO,Sci-Fi
855,REIGN GENTLEMEN,Sci-Fi
856,SILVERADO GOLDFINGER,Sci-Fi
857,SOLDIERS EVOLUTION,Sci-Fi
858,SPIRITED CASUALTIES,Sci-Fi
859,STALLION SUNDANCE,Sci-Fi
860,SUICIDES SILENCE,Sci-Fi
861,SUN CONFESSIONS,Sci-Fi
862,TITANS JERK,Sci-Fi
863,TROJAN TOMORROW,Sci-Fi
864,UNFORGIVEN ZOOLANDER,Sci-Fi
865,VACATION BOONDOCK,Sci-Fi
866,WEEKEND PERSONAL,Sci-Fi
867,WHISPERER GIANT,Sci-Fi
868,WONDERLAND CHRISTMAS,Sci-Fi
869,ALADDIN CALENDAR,Sports
870,ANONYMOUS HUMAN,Sports
871,ARTIST COLDBLOODED,Sports
872,BUBBLE GROSSE,Sports
873,CALIFORNIA BIRDS,Sports
874,CARIBBEAN LIBERTY,Sports
875,CHANCE RESURRECTION,Sports
876,CONGENIALITY QUEST,Sports
877,CRANES RESERVOIR,Sports
878,CRUSADE HONEY,Sports
879,DIVORCE SHINING,Sports
880,DRIVER ANNIE,Sports
881,DROP WATERFRONT,Sports
882,DUDE BLINDNESS,Sports
883,DURHAM PANKY,Sports
884,ELIZABETH SHANE,Sports
885,EVOLUTION ALTER,Sports
886,EXORCIST STING,Sports
887,FLATLINERS KILLER,Sports
888,FLIGHT LIES,Sports
889,GLEAMING JAWBREAKER,Sports
890,GRACELAND DYNAMITE,Sports
891,GROOVE FICTION,Sports
892,GUNFIGHTER MUSSOLINI,Sports
893,HOLES BRANNIGAN,Sports
894,HONEY TIES,Sports
895,HYSTERICAL GRAIL,Sports
896,IMAGE PRINCESS,Sports
897,INSTINCT AIRPORT,Sports
898,JADE BUNCH,Sports
899,JOON NORTHWEST,Sports
900,KRAMER CHOCOLATE,Sports
901,LESSON CLEOPATRA,Sports
902,LIBERTY MAGNIFICENT,Sports
903,LOSER HUSTLER,Sports
904,MERMAID INSECTS,Sports
905,MILE MULAN,Sports
906,MOSQUITO ARMAGEDDON,Sports
907,MOTHER OLEANDER,Sports
908,MUMMY CREATURES,Sports
909,MUSSOLINI SPOILERS,Sports
910,NEIGHBORS CHARADE,Sports
911,NORTHWEST POLISH,Sports
912,NOVOCAINE FLIGHT,Sports
913,PEACH INNOCENT,Sports
914,PEAK FOREVER,Sports
915,PERDITION FARGO,Sports
916,PHILADELPHIA WIFE,Sports
917,PICKUP DRIVING,Sports
918,PIRATES ROXANNE,Sports
919,POSEIDON FOREVER,Sports
920,RECORDS ZORRO,Sports
921,RIDER CADDYSHACK,Sports
922,RIVER OUTLAW,Sports
923,ROSES TREASURE,Sports
924,SATISFACTION CONFIDENTIAL,Sports
925,SATURDAY LAMBS,Sports
926,SEABISCUIT PUNK,Sports
927,SECRETARY ROUGE,Sports
928,SENSE GREEK,Sports
929,SHAKESPEARE SADDLE,Sports
930,SIERRA DIVIDE,Sports
931,SLIPPER FIDELITY,Sports
932,SMOOCHY CONTROL,Sports
933,SQUAD FISH,Sports
934,STAR OPERATION,Sports
935,STEERS ARMAGEDDON,Sports
936,STRAIGHT HOURS,Sports
937,TALENTED HOMICIDE,Sports
938,TIGHTS DAWN,Sports
939,TOURIST PELICAN,Sports
940,TRADING PINOCCHIO,Sports
941,TUXEDO MILE,Sports
942,VICTORY ACADEMY,Sports
943,ARSENIC INDEPENDENCE,Travel
944,BASIC EASY,Travel
945,BIRD INDEPENDENCE,Travel
946,BOILED DARES,Travel
947,BOONDOCK BALLROOM,Travel
948,BORN SPINAL,Travel
949,BUCKET BROTHERHOOD,Travel
950,CASABLANCA SUPER,Travel
951,CASSIDY WYOMING,Travel
952,COMA HEAD,Travel
953,COMFORTS RUSH,Travel
954,CONTACT ANONYMOUS,Travel
955,DESPERATE TRAINSPOTTING,Travel
956,DISCIPLE MOTHER,Travel
957,DRUMLINE CYCLONE,Travel
958,ENOUGH RAGING,Travel
959,ESCAPE METROPOLIS,Travel
960,EXPECATIONS NATURAL,Travel
961,FACTORY DRAGON,Travel
962,FELLOWSHIP AUTUMN,Travel
963,FROGMEN BREAKING,Travel
964,FUGITIVE MAGUIRE,Travel
965,GAMES BOWFINGER,Travel
966,GUMP DATE,Travel
967,HAUNTED ANTITRUST,Travel
968,HORROR REIGN,Travel
969,IGBY MAKER,Travel
970,ITALIAN AFRICAN,Travel
971,KICK SAVANNAH,Travel
972,LEATHERNECKS DWARFS,Travel
973,LIAISONS SWEET,Travel
974,LOCK REAR,Travel
975,MADIGAN DORADO,Travel
976,MOULIN WAKE,Travel
977,MUSCLE BRIGHT,Travel
978,ORDER BETRAYED,Travel
979,OTHERS SOUP,Travel
980,OUTLAW HANKY,Travel
981,PAPI NECKLACE,Travel
982,SHANE DARKNESS,Travel
983,SHANGHAI TYCOON,Travel
984,SHAWSHANK BUBBLE,Travel
985,SHINING ROSES,Travel
986,SMILE EARRING,Travel
987,SPEED SUIT,Travel
988,STONE FIRE,Travel
989,SUPERFLY TRIP,Travel
990,SWEET BROTHERHOOD,Travel
991,TEEN APOLLO,Travel
992,TOMATOES HELLFIGHTERS,Travel
993,TRAFFIC HOBBIT,Travel
994,TROUBLE DATE,Travel
995,VALENTINE VANISHING,Travel
996,WINDOW SIDE,Travel
997,WOLVES DESIRE,Travel
998,WORKER TARZAN,Travel
999,WORKING MICROCOSMOS,Travel
